{
    "loss": 1.273474931716919,
    "accuracy": 0.7745097875595093
}