{
    "loss": 5.462947368621826,
    "accuracy": 0.7843137383460999
}